codigo_do_usuario,criador,data_recebido,data_de_perda,data_de_ganho,tipo_de_venda,passagem,canal_de_aquisicao,docs_italiano,parente_italiano
319,vendedor loja,2023-08-02,,2022-08-02,retorno,sim,redes sociais,,
380,automacao,2023-03-08,,2022-09-21,retorno,sim,midia organica,nenhum e nao sei por onde comecar,
538,automacao,2023-03-10,,2022-10-21,retorno,sim,redes sociais,,
540,automacao,2023-03-13,,2022-11-29,retorno,sim,redes sociais,,
579,vendedor loja,2023-03-13,,2022-11-29,retorno,sim,midia paga,,tetravo
588,vendedor loja,2023-03-08,,2022-09-21,retorno,sim,midia paga,,
627,automacao,2023-03-13,,2022-12-14,retorno,sim,midia paga,"tenho apenas rg, cartao de imigrante ou passaporte",
829,automacao,2023-03-13,,2023-01-12,retorno,sim,midia paga,"tenho apenas rg, cartao de imigrante ou passaporte",
1025,automacao,2023-01-07,2023-01-06,,1venda - site,nao,midia paga,nenhum e nao sei por onde comecar,
3651,automacao,2023-03-02,2023-02-16,,,sim,parcerias,,
3652,automacao,2023-03-02,2023-02-16,,,nao,parcerias,,
3653,automacao,2023-03-02,2023-02-10,,,nao,parcerias,,
3663,automacao,2023-03-02,2023-02-14,,,nao,parcerias,,
6564,automacao,2023-03-12,2023-03-11,,1venda - site,nao,midia paga,nenhum e nao sei por onde comecar,
6810,automacao,2023-03-14,2023-03-13,,1venda - site,nao,midia paga,nenhum e nao sei por onde comecar,
6814,automacao,2023-03-14,2023-03-13,,1venda - site,nao,midia organica,nenhum e nao sei por onde comecar,
6816,automacao,2023-03-14,2023-03-13,,1venda - site,nao,midia paga,nenhum e nao sei por onde comecar,
6904,automacao,2023-03-15,2023-03-14,,1venda - site,nao,midia paga,nenhum e nao sei por onde comecar,
6906,automacao,2023-03-15,2023-03-14,,1venda - site,nao,midia paga,nenhum e nao sei por onde comecar,
6911,automacao,2023-03-15,2023-03-14,,1venda - site,nao,midia paga,nenhum e nao sei por onde comecar,
6964,automacao,2023-03-16,2023-03-15,,1venda - site,nao,midia paga,nenhum e nao sei por onde comecar,
6967,automacao,2023-03-16,2023-03-15,,1venda - site,nao,midia paga,nenhum e nao sei por onde comecar,
6968,automacao,2023-03-16,2023-03-15,,1venda - site,nao,parcerias,nenhum e nao sei por onde comecar,
6976,automacao,2023-03-16,2023-03-15,,1venda - site,nao,midia paga,nenhum e nao sei por onde comecar,
6979,automacao,2023-03-16,2023-03-15,,1venda - site,nao,midia paga,nenhum e nao sei por onde comecar,
6980,automacao,2023-03-16,2023-03-15,,1venda - site,nao,midia paga,nenhum e nao sei por onde comecar,
6982,automacao,2023-03-16,2023-03-15,,1venda - site,nao,midia paga,nenhum e nao sei por onde comecar,
6984,automacao,2023-03-16,2023-03-15,,1venda - site,nao,midia paga,nenhum e nao sei por onde comecar,
6985,automacao,2023-03-16,2023-03-15,,1venda - site,nao,midia paga,nenhum e nao sei por onde comecar,
6987,automacao,2023-03-16,2023-03-15,,1venda - site,nao,midia paga,nenhum e nao sei por onde comecar,
7093,automacao,2023-03-17,2023-03-16,,1venda - site,nao,midia paga,nenhum e nao sei por onde comecar,
7097,automacao,2023-03-17,2023-03-16,,1venda - site,nao,midia paga,nenhum e nao sei por onde comecar,
7098,automacao,2023-03-17,2023-03-16,,1venda - site,nao,midia paga,nenhum e nao sei por onde comecar,
7099,automacao,2023-03-17,2023-03-16,,1venda - site,nao,midia paga,nenhum e nao sei por onde comecar,
7102,automacao,2023-03-17,2023-03-16,,1venda - site,nao,midia paga,nenhum e nao sei por onde comecar,
7149,automacao,2023-03-18,2023-03-17,,1venda - site,nao,midia paga,nenhum e nao sei por onde comecar,
7152,automacao,2023-03-18,2023-03-17,,1venda - site,nao,midia paga,nenhum e nao sei por onde comecar,
7200,automacao,2023-03-19,2023-03-18,,1venda - site,nao,midia paga,nenhum e nao sei por onde comecar,
7206,automacao,2023-03-19,2023-03-18,,1venda - site,nao,midia paga,nenhum e nao sei por onde comecar,
7263,automacao,2023-03-20,2023-03-19,,1venda - site,nao,midia paga,nenhum e nao sei por onde comecar,
7333,automacao,2023-03-21,2023-03-20,,1venda - site,nao,midia paga,nenhum e nao sei por onde comecar,
7383,automacao,2023-03-22,2023-03-21,,1venda - site,nao,midia paga,nenhum e nao sei por onde comecar,
7462,automacao,2023-03-23,2023-03-22,,1venda - site,nao,midia paga,nenhum e nao sei por onde comecar,
7466,automacao,2023-03-23,2023-03-22,,1venda - site,nao,midia paga,nenhum e nao sei por onde comecar,
7471,automacao,2023-03-23,2023-03-22,,1venda - site,nao,midia paga,nenhum e nao sei por onde comecar,
7559,automacao,2023-03-24,2023-03-23,,1venda - site,nao,midia paga,nenhum e nao sei por onde comecar,
7562,automacao,2023-03-24,2023-03-23,,1venda - site,nao,midia paga,nenhum e nao sei por onde comecar,
7564,automacao,2023-03-24,2023-03-23,,1venda - site,nao,midia paga,nenhum e nao sei por onde comecar,
7574,automacao,2023-03-24,2023-03-23,,1venda - site,nao,midia paga,nenhum e nao sei por onde comecar,
7644,automacao,2023-03-25,2023-03-24,,1venda - site,nao,midia paga,nenhum e nao sei por onde comecar,
7645,automacao,2023-03-25,2023-03-24,,1venda - site,nao,midia paga,nenhum e nao sei por onde comecar,
7646,automacao,2023-03-25,2023-03-24,,1venda - site,nao,midia paga,nenhum e nao sei por onde comecar,
7647,automacao,2023-03-25,2023-03-24,,1venda - site,nao,midia paga,nenhum e nao sei por onde comecar,
7648,automacao,2023-03-25,2023-03-24,,1venda - site,nao,midia paga,nenhum e nao sei por onde comecar,
7711,automacao,2023-03-26,2023-03-25,,1venda - site,nao,midia paga,nenhum e nao sei por onde comecar,
7720,automacao,2023-03-26,2023-03-25,,1venda - site,nao,midia paga,nenhum e nao sei por onde comecar,
7880,automacao,2023-03-28,2023-03-27,,1venda - site,nao,midia paga,nenhum e nao sei por onde comecar,
7884,automacao,2023-03-28,2023-03-27,,1venda - site,nao,midia paga,nenhum e nao sei por onde comecar,
7885,automacao,2023-03-28,2023-03-27,,1venda - site,nao,midia paga,nenhum e nao sei por onde comecar,
7893,automacao,2023-03-28,2023-03-27,,1venda - site,nao,midia paga,nenhum e nao sei por onde comecar,
7895,automacao,2023-03-28,2023-03-27,,1venda - site,nao,redes sociais,nenhum e nao sei por onde comecar,
7973,automacao,2023-03-29,2023-03-28,,1venda - site,nao,midia paga,nenhum e nao sei por onde comecar,
7975,automacao,2023-03-29,2023-03-28,,1venda - site,nao,midia paga,nenhum e nao sei por onde comecar,
7978,automacao,2023-03-29,2023-03-28,,1venda - site,nao,midia paga,nenhum e nao sei por onde comecar,
7979,automacao,2023-03-29,2023-03-28,,1venda - site,nao,midia paga,nenhum e nao sei por onde comecar,
7980,automacao,2023-03-29,2023-03-28,,1venda - site,nao,midia paga,nenhum e nao sei por onde comecar,
7982,automacao,2023-03-29,2023-03-28,,1venda - site,nao,midia paga,nenhum e nao sei por onde comecar,
7983,automacao,2023-03-29,2023-03-28,,1venda - site,nao,midia paga,nenhum e nao sei por onde comecar,
8062,automacao,2023-03-30,2023-03-29,,1venda - site,nao,midia paga,nenhum e nao sei por onde comecar,
8065,automacao,2023-03-30,2023-03-29,,1venda - site,nao,midia paga,nenhum e nao sei por onde comecar,
8070,automacao,2023-03-30,2023-03-29,,1venda - site,nao,midia paga,nenhum e nao sei por onde comecar,
8072,automacao,2023-03-30,2023-03-29,,1venda - site,nao,midia paga,nenhum e nao sei por onde comecar,
8076,automacao,2023-03-30,2023-03-29,,1venda - site,nao,midia paga,nenhum e nao sei por onde comecar,
8162,automacao,2023-03-31,2023-03-30,,1venda - site,nao,midia paga,nenhum e nao sei por onde comecar,
8163,automacao,2023-03-31,2023-03-30,,1venda - site,nao,midia paga,nenhum e nao sei por onde comecar,
8169,automacao,2023-03-31,2023-03-30,,1venda - site,nao,midia paga,nenhum e nao sei por onde comecar,
8171,automacao,2023-03-31,2023-03-30,,1venda - site,nao,midia paga,nenhum e nao sei por onde comecar,
8173,automacao,2023-03-31,2023-03-30,,1venda - site,nao,midia paga,nenhum e nao sei por onde comecar,
8174,automacao,2023-03-31,2023-03-30,,1venda - site,nao,midia paga,nenhum e nao sei por onde comecar,
8249,automacao,2023-04-01,2023-03-31,,1venda - site,nao,midia paga,nenhum e nao sei por onde comecar,
8255,automacao,2023-04-01,2023-03-31,,1venda - site,nao,midia paga,nenhum e nao sei por onde comecar,
8258,automacao,2023-04-01,2023-03-31,,1venda - site,nao,midia paga,nenhum e nao sei por onde comecar,
8297,automacao,2023-04-02,2023-04-01,,1venda - site,nao,midia paga,nenhum e nao sei por onde comecar,
8305,automacao,2023-04-02,2023-04-01,,1venda - site,nao,midia paga,nenhum e nao sei por onde comecar,
8306,automacao,2023-04-02,2023-04-01,,1venda - site,nao,midia paga,nenhum e nao sei por onde comecar,
8369,automacao,2023-04-03,2023-04-02,,1venda - site,nao,midia paga,nenhum e nao sei por onde comecar,
8373,automacao,2023-04-03,2023-04-02,,1venda - site,nao,midia paga,nenhum e nao sei por onde comecar,
8375,automacao,2023-04-03,2023-04-02,,1venda - site,nao,midia paga,nenhum e nao sei por onde comecar,
8427,automacao,2023-12-01,,2023-06-04,retorno,sim,,nenhum e nao sei por onde comecar,
8476,automacao,2023-04-04,2023-04-03,,1venda - site,nao,midia paga,nenhum e nao sei por onde comecar,
8641,automacao,2023-04-06,2023-04-05,,1venda - site,nao,midia paga,nenhum e nao sei por onde comecar,
8711,automacao,2023-04-07,2023-04-06,,1venda - site,nao,midia paga,nenhum e nao sei por onde comecar,
8715,automacao,2023-04-07,2023-04-06,,1venda - site,nao,midia paga,nenhum e nao sei por onde comecar,
8786,automacao,2023-04-08,2023-04-07,,1venda - site,nao,midia paga,nenhum e nao sei por onde comecar,
8789,automacao,2023-04-08,2023-04-07,,1venda - site,nao,midia paga,nenhum e nao sei por onde comecar,
8790,automacao,2023-04-08,2023-04-07,,1venda - site,nao,midia paga,nenhum e nao sei por onde comecar,
8794,automacao,2023-04-08,2023-04-07,,1venda - site,nao,midia paga,nenhum e nao sei por onde comecar,
8878,automacao,2023-04-09,2023-04-08,,1venda - site,nao,midia paga,nenhum e nao sei por onde comecar,
8887,automacao,2023-04-09,2023-04-08,,1venda - site,nao,midia paga,nenhum e nao sei por onde comecar,
8980,automacao,2023-04-10,2023-04-09,,1venda - site,nao,midia paga,nenhum e nao sei por onde comecar,
8987,automacao,2023-04-10,2023-04-09,,1venda - site,nao,midia paga,nenhum e nao sei por onde comecar,
8996,automacao,2023-04-10,2023-04-09,,1venda - site,nao,midia paga,nenhum e nao sei por onde comecar,
9000,automacao,2023-04-10,2023-04-09,,1venda - site,nao,midia paga,nenhum e nao sei por onde comecar,
9139,automacao,2023-04-11,2023-04-10,,1venda - site,nao,midia paga,nenhum e nao sei por onde comecar,
9145,automacao,2023-04-11,2023-04-10,,1venda - site,nao,midia paga,nenhum e nao sei por onde comecar,
9149,automacao,2023-04-11,2023-04-10,,1venda - site,nao,midia paga,nenhum e nao sei por onde comecar,
9151,automacao,2023-04-11,2023-04-10,,1venda - site,nao,midia paga,nenhum e nao sei por onde comecar,
9152,automacao,2023-04-11,2023-04-10,,1venda - site,nao,midia paga,nenhum e nao sei por onde comecar,
9153,automacao,2023-04-11,2023-04-10,,1venda - site,nao,parcerias,nenhum e nao sei por onde comecar,
9154,automacao,2023-04-11,2023-04-10,,1venda - site,nao,midia paga,nenhum e nao sei por onde comecar,
9156,automacao,2023-04-11,2023-04-10,,1venda - site,nao,midia paga,nenhum e nao sei por onde comecar,
9335,automacao,2023-04-12,2023-04-11,,1venda - site,nao,midia paga,nenhum e nao sei por onde comecar,
9341,automacao,2023-04-12,2023-04-11,,1venda - site,nao,midia paga,nenhum e nao sei por onde comecar,
9342,automacao,2023-04-12,2023-04-11,,1venda - site,nao,midia paga,nenhum e nao sei por onde comecar,
9348,automacao,2023-04-12,2023-04-11,,1venda - site,nao,midia paga,nenhum e nao sei por onde comecar,
9485,automacao,2023-04-13,2023-04-12,,1venda - site,nao,midia paga,nenhum e nao sei por onde comecar,
9496,automacao,2023-04-13,2023-04-12,,1venda - site,nao,midia paga,nenhum e nao sei por onde comecar,
9698,automacao,2023-04-16,2023-04-15,,1venda - site,nao,midia paga,nenhum e nao sei por onde comecar,
9751,automacao,2023-04-17,2023-04-16,,1venda - site,nao,midia paga,nenhum e nao sei por onde comecar,
9755,automacao,2023-04-17,2023-04-16,,1venda - site,nao,midia paga,nenhum e nao sei por onde comecar,
9757,automacao,2023-04-17,2023-04-16,,1venda - site,nao,midia paga,nenhum e nao sei por onde comecar,
9760,automacao,2023-04-17,2023-04-16,,1venda - site,nao,midia paga,nenhum e nao sei por onde comecar,
9860,automacao,2023-04-18,2023-04-17,,1venda - site,nao,midia paga,nenhum e nao sei por onde comecar,
9862,automacao,2023-04-18,2023-04-17,,1venda - site,nao,parcerias,nenhum e nao sei por onde comecar,
9866,automacao,2023-04-18,2023-04-17,,1venda - site,nao,midia paga,nenhum e nao sei por onde comecar,
9928,automacao,2023-04-19,2023-04-18,,retorno,nao,midia paga,nenhum e nao sei por onde comecar,
9960,automacao,2023-04-20,2023-04-19,,1venda - site,nao,parcerias,nenhum e nao sei por onde comecar,
10069,automacao,2023-04-24,2023-04-23,,1venda - site,nao,midia paga,nenhum e nao sei por onde comecar,
10074,automacao,2023-04-24,2023-04-23,,1venda - site,nao,midia paga,nenhum e nao sei por onde comecar,
10144,automacao,2023-04-25,2023-04-24,,1venda - site,nao,parcerias,nenhum e nao sei por onde comecar,
10209,automacao,2023-04-26,2023-04-25,,1venda - site,nao,midia paga,nenhum e nao sei por onde comecar,
10370,automacao,2023-04-28,2023-04-27,,1venda - site,nao,midia paga,nenhum e nao sei por onde comecar,
10477,automacao,2023-04-30,2023-04-29,,1venda - site,nao,midia paga,nenhum e nao sei por onde comecar,
10479,automacao,2023-04-30,2023-04-29,,1venda - site,nao,midia paga,nenhum e nao sei por onde comecar,
10532,automacao,2023-05-01,2023-04-30,,1venda - site,nao,redes sociais,nenhum e nao sei por onde comecar,
10535,automacao,2023-05-01,2023-04-30,,1venda - site,nao,midia organica,nenhum e nao sei por onde comecar,
10641,automacao,2023-05-03,2023-05-02,,1venda - site,nao,midia paga,nenhum e nao sei por onde comecar,
10818,automacao,2023-05-05,2023-05-04,,1venda - site,nao,midia paga,nenhum e nao sei por onde comecar,
10820,automacao,2023-05-05,2023-05-04,,1venda - site,nao,midia paga,nenhum e nao sei por onde comecar,
10823,automacao,2023-05-05,2023-05-04,,1venda - site,nao,midia paga,nenhum e nao sei por onde comecar,
11145,automacao,2023-05-10,2023-05-09,,1venda - site,nao,midia paga,nenhum e nao sei por onde comecar,
11155,automacao,2023-05-10,2023-05-09,,1venda - site,nao,midia paga,nenhum e nao sei por onde comecar,
11198,automacao,2023-05-11,2023-05-10,,1venda - site,nao,midia paga,nenhum e nao sei por onde comecar,
11243,automacao,2023-05-12,2023-05-11,,1venda - site,nao,midia paga,nenhum e nao sei por onde comecar,
11249,automacao,2023-05-12,2023-05-11,,1venda - site,nao,midia paga,nenhum e nao sei por onde comecar,
11299,automacao,2023-05-13,2023-05-12,,1venda - site,nao,midia paga,nenhum e nao sei por onde comecar,
11396,automacao,2023-05-15,2023-05-14,,1venda - site,nao,midia paga,nenhum e nao sei por onde comecar,
11514,automacao,2023-05-17,2023-05-16,,1venda - site,nao,midia paga,nenhum e nao sei por onde comecar,
11516,automacao,2023-05-17,2023-05-16,,1venda - site,nao,midia paga,"nenhum, mas sei onde obter documentos",
11582,automacao,2023-05-18,2023-05-17,,1venda - site,nao,midia paga,nenhum e nao sei por onde comecar,
11621,automacao,2023-05-19,2023-05-18,,1venda - site,nao,midia paga,nenhum e nao sei por onde comecar,
11673,automacao,2023-05-20,2023-05-19,,1venda - site,nao,midia paga,nenhum e nao sei por onde comecar,
11715,automacao,2023-05-21,2023-05-20,,1venda - site,nao,midia paga,nenhum e nao sei por onde comecar,
11719,automacao,2023-05-21,2023-05-20,,retorno,nao,midia paga,nenhum e nao sei por onde comecar,
11753,automacao,2023-05-22,2023-05-21,,1venda - site,nao,midia paga,nenhum e nao sei por onde comecar,
11894,automacao,2023-05-24,2023-05-23,,1venda - site,nao,midia paga,nenhum e nao sei por onde comecar,
11897,automacao,2023-05-24,2023-05-23,,1venda - site,nao,midia paga,"nenhum, mas sei onde obter documentos",
12234,automacao,2023-05-29,2023-05-28,,1venda - site,nao,midia paga,nenhum e nao sei por onde comecar,
12742,automacao,2023-05-31,2023-05-30,,1venda - site,nao,midia paga,nenhum e nao sei por onde comecar,
12815,automacao,2023-06-01,2023-05-31,,1venda - site,nao,midia paga,nenhum e nao sei por onde comecar,
12822,automacao,2023-06-01,2023-05-31,,1venda - site,nao,midia paga,"nenhum, mas meu parente ja tirou a cidadania",
13185,automacao,2023-06-07,2023-06-06,,1venda - site,nao,midia paga,"nenhum, mas sei onde obter documentos",
13186,automacao,2023-06-07,2023-06-06,,1venda - site,nao,midia paga,nenhum e nao sei por onde comecar,
13188,automacao,2023-06-07,2023-06-06,,1venda - site,nao,midia paga,nenhum e nao sei por onde comecar,
13251,automacao,2023-06-08,2023-06-07,,1venda - site,nao,midia paga,nenhum e nao sei por onde comecar,
13294,automacao,2023-06-09,2023-06-08,,1venda - site,nao,parcerias,nenhum e nao sei por onde comecar,
13302,automacao,2023-06-09,2023-06-08,,1venda - site,nao,midia paga,nenhum e nao sei por onde comecar,
13357,automacao,2023-06-10,2023-06-09,,1venda - site,nao,midia paga,"nenhum, mas sei onde obter documentos",
13619,automacao,2023-06-13,2023-06-12,,1venda - site,nao,midia paga,nenhum e nao sei por onde comecar,
13629,automacao,2023-06-13,2023-06-12,,1venda - site,nao,midia paga,nenhum e nao sei por onde comecar,
13704,automacao,2023-06-14,2023-06-13,,1venda - site,nao,outros,nenhum e nao sei por onde comecar,
13705,automacao,2023-06-14,2023-06-13,,1venda - site,nao,midia paga,nenhum e nao sei por onde comecar,
13708,automacao,2023-06-14,2023-06-13,,1venda - site,nao,midia paga,nenhum e nao sei por onde comecar,
13780,automacao,2023-06-15,2023-06-14,,1venda - site,nao,midia paga,"nenhum, mas sei onde obter documentos",
13781,automacao,2023-06-15,2023-06-14,,1venda - site,nao,midia paga,"nenhum, mas sei onde obter documentos",
13898,automacao,2023-06-17,2023-06-16,,retorno,nao,redes sociais,"nenhum, mas sei onde obter documentos",
14031,automacao,2023-06-20,2023-06-19,,1venda - site,nao,midia paga,nenhum e nao sei por onde comecar,
14039,automacao,2023-06-20,2023-06-19,,1venda - site,nao,midia paga,nenhum e nao sei por onde comecar,
14188,automacao,2023-06-22,2023-06-21,,1venda - site,nao,midia paga,nenhum e nao sei por onde comecar,
14257,automacao,2023-06-23,2023-06-22,,1venda - site,nao,midia paga,nenhum e nao sei por onde comecar,
14265,automacao,2023-06-23,2023-06-22,,1venda - site,nao,midia paga,"nenhum, mas sei onde obter documentos",
14266,automacao,2023-06-23,2023-06-22,,1venda - site,nao,redes sociais,nenhum e nao sei por onde comecar,
14332,automacao,2023-06-24,2023-06-23,,1venda - site,nao,midia paga,nenhum e nao sei por onde comecar,
14384,automacao,2023-06-25,2023-06-24,,1venda - site,nao,midia paga,"nenhum, mas sei onde obter documentos",
14386,automacao,2023-06-25,2023-06-24,,1venda - site,nao,midia paga,nenhum e nao sei por onde comecar,
14394,automacao,2023-06-25,2023-06-24,,1venda - site,nao,midia paga,nenhum e nao sei por onde comecar,
14456,automacao,2023-06-26,2023-06-25,,1venda - site,nao,midia paga,nenhum e nao sei por onde comecar,
14461,automacao,2023-06-26,2023-06-25,,1venda - site,nao,midia paga,"nenhum, mas meu parente ja tirou a cidadania",
14510,automacao,2023-06-27,2023-06-26,,1venda - site,nao,remarketing,nenhum e nao sei por onde comecar,
14513,automacao,2023-06-27,2023-06-26,,1venda - site,nao,midia organica,nenhum e nao sei por onde comecar,
14595,automacao,2023-06-28,2023-06-27,,1venda - site,nao,midia paga,nenhum e nao sei por onde comecar,
14688,automacao,2023-06-29,2023-06-28,,1venda - site,nao,midia paga,nenhum e nao sei por onde comecar,
14690,automacao,2023-06-29,2023-06-28,,1venda - site,nao,midia paga,nenhum e nao sei por onde comecar,
14694,automacao,2023-06-29,2023-06-28,,1venda - site,nao,midia paga,nenhum e nao sei por onde comecar,
14982,automacao,2023-07-03,2023-07-02,,1venda - site,nao,midia paga,"nenhum, mas sei onde obter documentos",
14984,automacao,2023-07-03,2023-07-02,,1venda - site,nao,midia paga,nenhum e nao sei por onde comecar,
15063,automacao,2023-07-04,2023-07-03,,1venda - site,nao,midia paga,nenhum e nao sei por onde comecar,
15064,automacao,2023-07-04,2023-07-03,,1venda - site,nao,midia paga,nenhum e nao sei por onde comecar,
15086,automacao,2023-07-04,2023-07-03,,1venda - site,nao,midia paga,"nenhum, mas sei onde obter documentos",
15093,automacao,2023-07-04,2023-07-03,,1venda - site,nao,midia paga,nenhum e nao sei por onde comecar,
15094,automacao,2023-07-04,2023-07-03,,1venda - site,nao,midia paga,"nenhum, mas sei onde obter documentos",
15107,automacao,2023-07-04,2023-07-03,,1venda - site,nao,outros,nenhum e nao sei por onde comecar,
15208,automacao,2023-07-05,2023-07-04,,retorno,nao,midia paga,nenhum e nao sei por onde comecar,
15379,automacao,2023-07-07,2023-07-06,,1venda - site,nao,midia paga,nenhum e nao sei por onde comecar,
15382,automacao,2023-07-07,2023-07-06,,1venda - site,nao,midia paga,nenhum e nao sei por onde comecar,
15437,automacao,2023-07-08,2023-07-07,,1venda - site,nao,midia paga,tenho todos os documentos,
15441,automacao,2023-07-08,2023-07-07,,1venda - site,nao,midia paga,nenhum e nao sei por onde comecar,
15442,automacao,2023-07-08,2023-07-07,,1venda - site,nao,midia paga,nenhum e nao sei por onde comecar,
15780,automacao,2023-07-13,2023-07-12,,1venda - site,nao,midia paga,"nenhum, mas sei onde obter documentos",
15831,automacao,2023-07-14,2023-07-13,,1venda - site,nao,midia paga,nenhum e nao sei por onde comecar,
15839,automacao,2023-07-14,2023-07-13,,1venda - site,nao,midia paga,nenhum e nao sei por onde comecar,
15841,automacao,2023-07-14,2023-07-13,,1venda - site,nao,midia paga,nenhum e nao sei por onde comecar,
15892,automacao,2023-07-15,2023-07-14,,1venda - site,nao,midia paga,nenhum e nao sei por onde comecar,
15894,automacao,2023-07-15,2023-07-14,,retorno,nao,midia paga,nenhum e nao sei por onde comecar,
16014,automacao,2023-07-17,2023-07-16,,1venda - site,nao,midia paga,algumas certidoes de nascimento/casamento/obito,
16113,automacao,2023-07-18,2023-07-17,,1venda - site,nao,midia paga,"tenho apenas rg, cartao de imigrante ou passaporte",
16322,automacao,2023-07-20,2023-07-19,,1venda - site,nao,midia paga,nenhum e nao sei por onde comecar,
16327,automacao,2023-07-20,2023-07-19,,1venda - site,nao,midia paga,"nenhum, mas meu parente ja tirou a cidadania",
16338,automacao,2023-07-20,2023-07-19,,1venda - site,nao,parcerias,algumas certidoes de nascimento/casamento/obito,
16341,automacao,2023-07-20,2023-07-19,,1venda - site,nao,midia paga,nenhum e nao sei por onde comecar,
16345,automacao,2023-07-20,2023-07-19,,1venda - site,nao,midia paga,algumas certidoes de nascimento/casamento/obito,
16351,automacao,2023-07-20,2023-07-19,,1venda - site,nao,redes sociais,algumas certidoes de nascimento/casamento/obito,
16453,automacao,2023-07-21,2023-07-20,,1venda - site,nao,redes sociais,nenhum e nao sei por onde comecar,
16460,automacao,2023-07-21,2023-07-20,,1venda - site,nao,midia paga,nenhum e nao sei por onde comecar,
16466,automacao,2023-07-21,2023-07-20,,1venda - site,nao,midia paga,"nenhum, mas meu parente ja tirou a cidadania",
16472,automacao,2023-07-21,2023-07-20,,1venda - site,nao,midia paga,"nenhum, mas meu parente ja tirou a cidadania",
16475,automacao,2023-07-21,2023-07-20,,1venda - site,nao,midia paga,nenhum e nao sei por onde comecar,
16589,automacao,2023-07-22,2023-07-21,,1venda - site,nao,midia paga,nenhum e nao sei por onde comecar,
16592,automacao,2023-07-22,2023-07-21,,1venda - site,nao,midia paga,nenhum e nao sei por onde comecar,
16595,automacao,2023-07-22,2023-07-21,,1venda - site,nao,midia paga,nenhum e nao sei por onde comecar,
16597,automacao,2023-07-22,2023-07-21,,1venda - site,nao,midia paga,nenhum e nao sei por onde comecar,
16666,automacao,2023-07-23,2023-07-22,,1venda - site,nao,midia paga,"nenhum, mas sei onde obter documentos",
16667,automacao,2023-07-23,2023-07-22,,1venda - site,nao,midia paga,"nenhum, mas meu parente ja tirou a cidadania",
16671,automacao,2023-07-23,2023-07-22,,1venda - site,nao,midia paga,"nenhum, mas sei onde obter documentos",
16779,automacao,2023-07-24,2023-07-23,,1venda - site,nao,midia paga,"nenhum, mas sei onde obter documentos",
16780,automacao,2023-07-24,2023-07-23,,1venda - site,nao,midia paga,nenhum e nao sei por onde comecar,
16811,automacao,2023-07-24,2023-07-23,,1venda - site,nao,midia paga,"nenhum, mas sei onde obter documentos",
16957,automacao,2023-07-25,2023-07-24,,1venda - site,nao,midia paga,nenhum e nao sei por onde comecar,
16959,automacao,2023-07-25,2023-07-24,,1venda - site,nao,midia paga,nenhum e nao sei por onde comecar,
16971,automacao,2023-07-25,2023-07-24,,1venda - site,nao,midia paga,nenhum e nao sei por onde comecar,
17242,automacao,2023-07-27,2023-07-26,,1venda - site,nao,midia paga,"nenhum, mas sei onde obter documentos",
17245,automacao,2023-07-27,2023-07-26,,1venda - site,nao,midia paga,nenhum e nao sei por onde comecar,
17256,automacao,2023-07-27,2023-07-26,,1venda - site,nao,midia paga,nenhum e nao sei por onde comecar,
17411,automacao,2023-07-28,2023-07-27,,1venda - site,nao,midia paga,nenhum e nao sei por onde comecar,
17510,automacao,2023-07-29,2023-07-28,,1venda - site,nao,midia paga,nenhum e nao sei por onde comecar,
17512,automacao,2023-07-29,2023-07-28,,1venda - site,nao,midia paga,nenhum e nao sei por onde comecar,
17577,automacao,2023-07-30,2023-07-29,,1venda - site,nao,midia paga,"nenhum, mas meu parente ja tirou a cidadania",
17579,automacao,2023-07-30,2023-07-29,,1venda - site,nao,outros,nenhum e nao sei por onde comecar,
17585,automacao,2023-07-30,2023-07-29,,1venda - site,nao,midia paga,"nenhum, mas sei onde obter documentos",
17635,automacao,2023-07-31,2023-07-30,,1venda - site,nao,midia paga,nenhum e nao sei por onde comecar,
17637,automacao,2023-07-31,2023-07-30,,1venda - site,nao,midia paga,nenhum e nao sei por onde comecar,
17653,automacao,2023-07-31,2023-07-30,,1venda - site,nao,midia paga,nenhum e nao sei por onde comecar,
17657,automacao,2023-07-31,2023-07-30,,1venda - site,nao,midia paga,nenhum e nao sei por onde comecar,
17658,automacao,2023-07-31,2023-07-30,,1venda - site,nao,midia paga,nenhum e nao sei por onde comecar,
17665,automacao,2023-07-31,2023-07-30,,1venda - site,nao,midia paga,nenhum e nao sei por onde comecar,
17666,automacao,2023-07-31,2023-07-30,,1venda - site,nao,midia paga,"nenhum, mas sei onde obter documentos",
17852,automacao,2023-08-02,2023-08-01,,1venda - site,nao,midia organica,nenhum e nao sei por onde comecar,
17856,automacao,2023-08-02,2023-08-01,,1venda - site,nao,midia paga,nenhum e nao sei por onde comecar,
17858,automacao,2023-08-02,2023-08-01,,1venda - site,nao,midia paga,"nenhum, mas meu parente ja tirou a cidadania",
18003,automacao,2023-08-03,2023-08-02,,1venda - site,nao,midia paga,nenhum e nao sei por onde comecar,
18005,automacao,2023-08-03,2023-08-02,,1venda - site,nao,midia paga,nenhum e nao sei por onde comecar,
18220,automacao,2023-08-05,2023-08-04,,1venda - site,nao,midia paga,nenhum e nao sei por onde comecar,
18221,automacao,2023-08-05,2023-08-04,,1venda - site,nao,midia paga,nenhum e nao sei por onde comecar,
18306,automacao,2023-08-06,2023-08-05,,1venda - site,nao,midia paga,"nenhum, mas meu parente ja tirou a cidadania",
18311,automacao,2023-08-06,2023-08-05,,1venda - site,nao,midia paga,"nenhum, mas sei onde obter documentos",
18314,automacao,2023-08-06,2023-08-05,,1venda - site,nao,midia paga,nenhum e nao sei por onde comecar,
18567,automacao,2023-08-08,2023-08-07,,1venda - site,nao,midia paga,nenhum e nao sei por onde comecar,
18571,automacao,2023-08-08,2023-08-07,,1venda - site,nao,midia paga,nenhum e nao sei por onde comecar,
19191,automacao,2023-08-14,2023-08-13,,1venda - site,nao,midia organica,algumas certidoes de nascimento/casamento/obito,
19279,automacao,2023-08-15,2023-08-14,,1venda - site,nao,midia paga,"nenhum, mas sei onde obter documentos",
19678,automacao,2023-08-22,2023-08-21,,1venda - site,nao,midia paga,"nenhum, mas sei onde obter documentos",
19764,automacao,2023-08-23,2023-08-22,,1venda - site,nao,midia paga,"tenho apenas rg, cartao de imigrante ou passaporte",
19827,automacao,2023-08-24,2023-08-23,,1venda - site,nao,midia paga,nenhum e nao sei por onde comecar,
20709,automacao,2023-09-05,2023-09-04,,1venda - site,nao,midia paga,nenhum e nao sei por onde comecar,
20854,automacao,2023-09-07,2023-09-06,,1venda - site,nao,midia paga,nenhum e nao sei por onde comecar,
20985,automacao,2023-09-09,2023-09-08,,1venda - site,nao,midia paga,nenhum e nao sei por onde comecar,
21295,automacao,2023-09-12,2023-09-11,,1venda - site,nao,midia paga,nenhum e nao sei por onde comecar,
21674,automacao,2023-09-15,2023-09-14,,1venda - site,nao,outros,nenhum e nao sei por onde comecar,
21742,automacao,2023-09-16,2023-09-15,,1venda - site,nao,midia paga,nenhum e nao sei por onde comecar,
21928,automacao,2023-09-18,2023-09-17,,1venda - site,nao,midia paga,nenhum e nao sei por onde comecar,
21939,automacao,2023-09-18,2023-09-17,,1venda - site,nao,midia paga,"nenhum, mas meu parente ja tirou a cidadania",
22098,automacao,2023-09-20,2023-09-19,,1venda - site,nao,midia paga,"nenhum, mas sei onde obter documentos",
22109,automacao,2023-09-20,2023-09-19,,1venda - site,nao,midia paga,nenhum e nao sei por onde comecar,
22236,automacao,2023-09-22,2023-09-21,,1venda - site,nao,midia paga,nenhum e nao sei por onde comecar,
22320,automacao,2023-09-23,2023-09-22,,1venda - site,nao,midia paga,tenho todos os documentos,
22323,automacao,2023-09-23,2023-09-22,,1venda - site,nao,midia paga,nenhum e nao sei por onde comecar,
22450,automacao,2023-09-24,2023-09-23,,1venda - site,nao,midia paga,nenhum e nao sei por onde comecar,
22706,automacao,2023-09-26,2023-09-25,,1venda - site,nao,midia paga,nenhum e nao sei por onde comecar,
22709,automacao,2023-09-26,2023-09-25,,1venda - site,nao,midia paga,nenhum e nao sei por onde comecar,
22710,automacao,2023-09-26,2023-09-25,,1venda - site,nao,midia paga,nenhum e nao sei por onde comecar,
22751,automacao,2023-09-26,2023-09-25,,1venda - site,nao,midia paga,nenhum e nao sei por onde comecar,
22954,automacao,2023-09-27,2023-09-26,,1venda - site,nao,midia paga,nenhum e nao sei por onde comecar,
22957,automacao,2023-09-27,2023-09-26,,1venda - site,nao,midia paga,nenhum e nao sei por onde comecar,
22967,automacao,2023-09-27,2023-09-26,,1venda - site,nao,midia paga,nenhum e nao sei por onde comecar,
22998,automacao,2023-09-27,2023-09-26,,1venda - site,nao,midia paga,nenhum e nao sei por onde comecar,
23007,automacao,2023-09-27,2023-09-26,,1venda - site,nao,midia paga,nenhum e nao sei por onde comecar,
23260,automacao,2023-09-28,2023-09-27,,1venda - site,nao,midia paga,nenhum e nao sei por onde comecar,
23264,automacao,2023-09-28,2023-09-27,,1venda - site,nao,midia paga,nenhum e nao sei por onde comecar,
23267,automacao,2023-09-28,2023-09-27,,1venda - site,nao,midia paga,nenhum e nao sei por onde comecar,
23295,automacao,2023-09-28,2023-09-27,,1venda - site,nao,midia paga,nenhum e nao sei por onde comecar,
23472,automacao,2023-09-29,2023-09-28,,1venda - site,nao,midia paga,nenhum e nao sei por onde comecar,
23907,automacao,2023-10-02,2023-10-01,,1venda - site,nao,midia paga,nenhum e nao sei por onde comecar,
23936,automacao,2023-10-02,2023-10-01,,1venda - site,nao,midia paga,"tenho apenas rg, cartao de imigrante ou passaporte",
23943,automacao,2023-10-02,2023-10-01,,1venda - site,nao,midia paga,nenhum e nao sei por onde comecar,
24137,automacao,2023-10-03,2023-10-02,,1venda - site,nao,midia paga,nenhum e nao sei por onde comecar,
24404,automacao,2023-10-05,2023-10-04,,1venda - site,nao,midia paga,nenhum e nao sei por onde comecar,
24498,automacao,2023-10-06,2023-10-05,,1venda - site,nao,midia paga,nenhum e nao sei por onde comecar,
24683,automacao,2023-10-09,2023-10-08,,1venda - site,nao,midia paga,nenhum e nao sei por onde comecar,
24684,automacao,2023-10-09,2023-10-08,,1venda - site,nao,midia paga,nenhum e nao sei por onde comecar,
24770,automacao,2023-10-10,2023-10-09,,1venda - site,nao,midia paga,nenhum e nao sei por onde comecar,
24825,automacao,2023-10-11,2023-10-10,,1venda - site,nao,midia paga,"nenhum, mas sei onde obter documentos",
24840,automacao,2023-10-11,2023-10-10,,1venda - site,nao,midia paga,nenhum e nao sei por onde comecar,
24910,automacao,2023-10-12,2023-10-11,,1venda - site,nao,midia paga,tenho todos os documentos,
25077,automacao,2023-10-14,2023-10-13,,1venda - site,nao,midia paga,nenhum e nao sei por onde comecar,
25095,automacao,2023-10-14,2023-10-13,,1venda - site,nao,midia paga,nenhum e nao sei por onde comecar,
25818,automacao,2023-10-21,2023-10-20,,1venda - site,nao,midia paga,nenhum e nao sei por onde comecar,
25821,automacao,2023-10-21,2023-10-20,,1venda - site,nao,parcerias,"nenhum, mas sei onde obter documentos",
26342,automacao,2023-10-27,2023-10-26,,1venda - site,nao,midia paga,nenhum e nao sei por onde comecar,
26944,automacao,2023-11-03,2023-11-02,,1venda - site,nao,midia paga,nenhum e nao sei por onde comecar,
26966,automacao,2023-11-03,2023-11-02,,1venda - site,nao,midia paga,nenhum e nao sei por onde comecar,
27006,automacao,2023-11-03,2023-11-02,,1venda - site,nao,midia paga,nenhum e nao sei por onde comecar,
27387,automacao,2023-11-05,2023-11-04,,1venda - site,nao,midia paga,nenhum e nao sei por onde comecar,
27562,automacao,2023-11-06,2023-11-05,,1venda - site,nao,midia paga,nenhum e nao sei por onde comecar,
27573,automacao,2023-11-06,2023-11-05,,1venda - site,nao,midia paga,nenhum e nao sei por onde comecar,
28096,automacao,2023-11-08,2023-11-07,,1venda - site,nao,redes sociais,nenhum e nao sei por onde comecar,
28359,automacao,2023-11-09,2023-11-08,,1venda - site,nao,midia paga,nenhum e nao sei por onde comecar,
28364,automacao,2023-11-09,2023-11-08,,1venda - site,nao,midia paga,nenhum e nao sei por onde comecar,
28372,automacao,2023-11-09,2023-11-08,,1venda - site,nao,midia paga,nenhum e nao sei por onde comecar,
28710,automacao,2023-11-10,2023-11-09,,1venda - site,nao,midia paga,nenhum e nao sei por onde comecar,
28712,automacao,2023-11-10,2023-11-09,,1venda - site,nao,midia paga,nenhum e nao sei por onde comecar,
28713,automacao,2023-11-10,2023-11-09,,1venda - site,nao,midia paga,nenhum e nao sei por onde comecar,
28714,automacao,2023-11-10,2023-11-09,,1venda - site,nao,midia paga,nenhum e nao sei por onde comecar,
28715,automacao,2023-11-10,2023-11-09,,1venda - site,nao,midia paga,nenhum e nao sei por onde comecar,
28718,automacao,2023-11-10,2023-11-09,,1venda - site,nao,midia paga,nenhum e nao sei por onde comecar,
28720,automacao,2023-11-10,2023-11-09,,1venda - site,nao,midia paga,nenhum e nao sei por onde comecar,
28724,automacao,2023-11-10,2023-11-09,,1venda - site,nao,midia paga,nenhum e nao sei por onde comecar,
28726,automacao,2023-11-10,2023-11-09,,1venda - site,nao,midia paga,nenhum e nao sei por onde comecar,
28728,automacao,2023-11-10,2023-11-09,,1venda - site,nao,midia paga,nenhum e nao sei por onde comecar,
28909,automacao,2023-11-11,2023-11-10,,1venda - site,nao,midia paga,nenhum e nao sei por onde comecar,
28910,automacao,2023-11-11,2023-11-10,,1venda - site,nao,midia paga,nenhum e nao sei por onde comecar,
28911,automacao,2023-11-11,2023-11-10,,1venda - site,nao,midia paga,nenhum e nao sei por onde comecar,
28912,automacao,2023-11-11,2023-11-10,,1venda - site,nao,midia paga,nenhum e nao sei por onde comecar,
28914,automacao,2023-11-11,2023-11-10,,1venda - site,nao,midia paga,nenhum e nao sei por onde comecar,
28915,automacao,2023-11-11,2023-11-10,,1venda - site,nao,midia paga,nenhum e nao sei por onde comecar,
28921,automacao,2023-11-11,2023-11-10,,1venda - site,nao,midia paga,nenhum e nao sei por onde comecar,
28922,automacao,2023-11-11,2023-11-10,,1venda - site,nao,midia paga,nenhum e nao sei por onde comecar,
29096,automacao,2023-11-12,2023-11-11,,1venda - site,nao,midia paga,nenhum e nao sei por onde comecar,
29097,automacao,2023-11-12,2023-11-11,,1venda - site,nao,midia paga,nenhum e nao sei por onde comecar,
29099,automacao,2023-11-12,2023-11-11,,1venda - site,nao,midia paga,nenhum e nao sei por onde comecar,
29102,automacao,2023-11-12,2023-11-11,,1venda - site,nao,midia organica,nenhum e nao sei por onde comecar,
29104,automacao,2023-11-12,2023-11-11,,1venda - site,nao,midia paga,nenhum e nao sei por onde comecar,
29107,automacao,2023-11-12,2023-11-11,,1venda - site,nao,midia paga,nenhum e nao sei por onde comecar,
29108,automacao,2023-11-12,2023-11-11,,1venda - site,nao,midia paga,nenhum e nao sei por onde comecar,
29109,automacao,2023-11-12,2023-11-11,,1venda - site,nao,midia paga,nenhum e nao sei por onde comecar,
29111,automacao,2023-11-12,2023-11-11,,1venda - site,nao,midia paga,nenhum e nao sei por onde comecar,
29283,automacao,2023-11-13,2023-11-12,,1venda - site,nao,midia paga,nenhum e nao sei por onde comecar,
29285,automacao,2023-11-13,2023-11-12,,1venda - site,nao,midia paga,nenhum e nao sei por onde comecar,
29286,automacao,2023-11-13,2023-11-12,,1venda - site,nao,midia paga,nenhum e nao sei por onde comecar,
29289,automacao,2023-11-13,2023-11-12,,1venda - site,nao,midia paga,nenhum e nao sei por onde comecar,
29290,automacao,2023-11-13,2023-11-12,,1venda - site,nao,midia paga,nenhum e nao sei por onde comecar,
29404,automacao,2023-11-14,2023-11-13,,1venda - site,nao,midia paga,nenhum e nao sei por onde comecar,
29406,automacao,2023-11-14,2023-11-13,,1venda - site,nao,midia paga,nenhum e nao sei por onde comecar,
29409,automacao,2023-11-14,2023-11-13,,1venda - site,nao,midia paga,nenhum e nao sei por onde comecar,
29410,automacao,2023-11-14,2023-11-13,,1venda - site,nao,midia paga,nenhum e nao sei por onde comecar,
29418,automacao,2023-11-14,2023-11-13,,1venda - site,nao,midia paga,nenhum e nao sei por onde comecar,
29601,automacao,2023-11-15,2023-11-14,,1venda - site,sim,midia paga,algumas certidoes de nascimento/casamento/obito,
29603,automacao,2023-11-15,2023-11-14,,1venda - site,nao,midia paga,nenhum e nao sei por onde comecar,
29604,automacao,2023-11-15,2023-11-14,,1venda - site,nao,midia paga,nenhum e nao sei por onde comecar,
29606,automacao,2023-11-15,2023-11-14,,1venda - site,nao,midia paga,nenhum e nao sei por onde comecar,
29607,automacao,2023-11-15,2023-11-14,,1venda - site,nao,midia paga,nenhum e nao sei por onde comecar,
29608,automacao,2023-11-15,2023-11-14,,1venda - site,nao,midia paga,nenhum e nao sei por onde comecar,
29609,automacao,2023-11-15,2023-11-14,,1venda - site,nao,midia paga,nenhum e nao sei por onde comecar,
29610,automacao,2023-11-15,2023-11-14,,1venda - site,nao,midia paga,nenhum e nao sei por onde comecar,
29611,automacao,2023-11-15,2023-11-14,,1venda - site,nao,midia paga,nenhum e nao sei por onde comecar,
29612,automacao,2023-11-15,2023-11-14,,1venda - site,nao,midia paga,nenhum e nao sei por onde comecar,
29617,automacao,2023-11-15,2023-11-14,,1venda - site,nao,midia paga,nenhum e nao sei por onde comecar,
29622,automacao,2023-11-15,2023-11-14,,1venda - site,nao,midia paga,nenhum e nao sei por onde comecar,
29799,automacao,2023-11-16,2023-11-15,,1venda - site,nao,midia paga,nenhum e nao sei por onde comecar,
29801,automacao,2023-11-16,2023-11-15,,1venda - site,nao,midia paga,nenhum e nao sei por onde comecar,
29802,automacao,2023-11-16,2023-11-15,,1venda - site,nao,midia paga,nenhum e nao sei por onde comecar,
29805,automacao,2023-11-16,2023-11-15,,1venda - site,nao,midia paga,nenhum e nao sei por onde comecar,
29902,automacao,2023-11-17,2023-11-16,,1venda - site,nao,midia paga,nenhum e nao sei por onde comecar,
29909,automacao,2023-11-17,2023-11-16,,1venda - site,nao,midia paga,nenhum e nao sei por onde comecar,
29911,automacao,2023-11-17,2023-11-16,,1venda - site,nao,midia paga,nenhum e nao sei por onde comecar,
29913,automacao,2023-11-17,2023-11-16,,1venda - site,nao,midia paga,nenhum e nao sei por onde comecar,
29914,automacao,2023-11-17,2023-11-16,,1venda - site,nao,midia paga,nenhum e nao sei por onde comecar,
30008,automacao,2023-11-18,2023-11-17,,1venda - site,nao,midia paga,nenhum e nao sei por onde comecar,
30011,automacao,2023-11-18,2023-11-17,,1venda - site,nao,midia paga,nenhum e nao sei por onde comecar,
30090,automacao,2023-11-19,2023-11-18,,1venda - site,nao,midia paga,nenhum e nao sei por onde comecar,
30097,automacao,2023-11-19,2023-11-18,,1venda - site,nao,midia paga,nenhum e nao sei por onde comecar,
30098,automacao,2023-11-19,2023-11-18,,1venda - site,nao,midia paga,nenhum e nao sei por onde comecar,
30185,automacao,2023-11-20,2023-11-19,,1venda - site,nao,midia paga,nenhum e nao sei por onde comecar,
30189,automacao,2023-11-20,2023-11-19,,1venda - site,nao,midia paga,nenhum e nao sei por onde comecar,
30190,automacao,2023-11-20,2023-11-19,,1venda - site,nao,midia paga,nenhum e nao sei por onde comecar,
30191,automacao,2023-11-20,2023-11-19,,1venda - site,nao,midia paga,nenhum e nao sei por onde comecar,
30199,automacao,2023-11-20,2023-11-19,,1venda - site,nao,midia paga,nenhum e nao sei por onde comecar,
30201,automacao,2023-11-20,2023-11-19,,1venda - site,nao,midia paga,nenhum e nao sei por onde comecar,
30302,automacao,2023-11-21,2023-11-20,,1venda - site,nao,midia paga,nenhum e nao sei por onde comecar,
30303,automacao,2023-11-21,2023-11-20,,1venda - site,nao,midia paga,nenhum e nao sei por onde comecar,
30305,automacao,2023-11-21,2023-11-20,,1venda - site,nao,midia organica,nenhum e nao sei por onde comecar,
30306,automacao,2023-11-21,2023-11-20,,1venda - site,nao,midia paga,nenhum e nao sei por onde comecar,
30422,automacao,2023-11-22,2023-11-21,,1venda - site,nao,midia paga,"nenhum, mas sei onde obter documentos",
30424,automacao,2023-11-22,2023-11-21,,1venda - site,nao,midia paga,nenhum e nao sei por onde comecar,
30425,automacao,2023-11-22,2023-11-21,,1venda - site,nao,midia paga,nenhum e nao sei por onde comecar,
30426,automacao,2023-11-22,2023-11-21,,1venda - site,nao,midia paga,nenhum e nao sei por onde comecar,
30429,automacao,2023-11-22,2023-11-21,,1venda - site,nao,midia paga,nenhum e nao sei por onde comecar,
30430,automacao,2023-11-22,2023-11-21,,1venda - site,nao,midia paga,"nenhum, mas sei onde obter documentos",
30434,automacao,2023-11-22,2023-11-21,,1venda - site,nao,midia paga,nenhum e nao sei por onde comecar,
30435,automacao,2023-11-22,2023-11-21,,1venda - site,nao,midia paga,nenhum e nao sei por onde comecar,
30534,automacao,2023-11-23,2023-11-22,,1venda - site,nao,midia paga,nenhum e nao sei por onde comecar,
30535,automacao,2023-11-23,2023-11-22,,1venda - site,nao,midia paga,nenhum e nao sei por onde comecar,
30537,automacao,2023-11-23,2023-11-22,,1venda - site,nao,midia paga,nenhum e nao sei por onde comecar,
30538,automacao,2023-11-23,2023-11-22,,1venda - site,nao,midia paga,nenhum e nao sei por onde comecar,
30541,automacao,2023-11-23,2023-11-22,,1venda - site,nao,midia paga,"nenhum, mas sei onde obter documentos",
30543,automacao,2023-11-23,2023-11-22,,1venda - site,nao,midia paga,nenhum e nao sei por onde comecar,
30545,automacao,2023-11-23,2023-11-22,,1venda - site,nao,midia organica,nenhum e nao sei por onde comecar,
30659,automacao,2023-11-24,2023-11-23,,1venda - site,nao,midia paga,nenhum e nao sei por onde comecar,
30660,automacao,2023-11-24,2023-11-23,,1venda - site,nao,midia paga,nenhum e nao sei por onde comecar,
30661,automacao,2023-11-24,2023-11-23,,1venda - site,nao,,"nenhum, mas sei onde obter documentos",
30664,automacao,2023-11-24,2023-11-23,,1venda - site,nao,midia paga,nenhum e nao sei por onde comecar,
30666,automacao,2023-11-24,2023-11-23,,1venda - site,nao,,nenhum e nao sei por onde comecar,
30667,automacao,2023-11-24,2023-11-23,,1venda - site,nao,midia paga,nenhum e nao sei por onde comecar,
30669,automacao,2023-11-24,2023-11-23,,1venda - site,nao,midia paga,nenhum e nao sei por onde comecar,
30745,automacao,2023-11-25,2023-11-24,,1venda - site,nao,,nenhum e nao sei por onde comecar,
30747,automacao,2023-11-25,2023-11-24,,1venda - site,nao,midia paga,"nenhum, mas sei onde obter documentos",
30752,automacao,2023-11-25,2023-11-24,,1venda - site,nao,midia paga,nenhum e nao sei por onde comecar,
30755,automacao,2023-11-25,2023-11-24,,1venda - site,nao,midia paga,nenhum e nao sei por onde comecar,
30813,automacao,2023-11-26,2023-11-25,,1venda - site,nao,midia paga,nenhum e nao sei por onde comecar,
30816,automacao,2023-11-26,2023-11-25,,1venda - site,nao,midia paga,nenhum e nao sei por onde comecar,
30821,automacao,2023-11-26,2023-11-25,,1venda - site,nao,midia paga,nenhum e nao sei por onde comecar,
30825,automacao,2023-11-26,2023-11-25,,1venda - site,nao,midia paga,"nenhum, mas sei onde obter documentos",
30912,automacao,2023-11-27,2023-11-26,,1venda - site,nao,midia paga,nenhum e nao sei por onde comecar,
30913,automacao,2023-11-27,2023-11-26,,1venda - site,nao,midia paga,"nenhum, mas sei onde obter documentos",
30916,automacao,2023-11-27,2023-11-26,,1venda - site,nao,midia paga,"nenhum, mas sei onde obter documentos",
30917,automacao,2023-11-27,2023-11-26,,1venda - site,nao,midia paga,nenhum e nao sei por onde comecar,
30920,automacao,2023-11-27,2023-11-26,,1venda - site,nao,midia paga,"nenhum, mas sei onde obter documentos",
30922,automacao,2023-11-27,2023-11-26,,1venda - site,nao,midia paga,nenhum e nao sei por onde comecar,
30924,automacao,2023-11-27,2023-11-26,,1venda - site,nao,midia paga,nenhum e nao sei por onde comecar,
31002,automacao,2023-11-28,2023-11-27,,1venda - site,nao,midia paga,nenhum e nao sei por onde comecar,
31006,automacao,2023-11-28,2023-11-27,,1venda - site,nao,midia paga,nenhum e nao sei por onde comecar,
31011,automacao,2023-11-28,2023-11-27,,1venda - site,nao,midia paga,nenhum e nao sei por onde comecar,
31014,automacao,2023-11-28,2023-11-27,,1venda - site,nao,midia paga,nenhum e nao sei por onde comecar,
31109,automacao,2023-11-29,2023-11-28,,1venda - site,nao,midia paga,nenhum e nao sei por onde comecar,
31110,automacao,2023-11-29,2023-11-28,,1venda - site,nao,midia paga,"nenhum, mas sei onde obter documentos",
31112,automacao,2023-11-29,2023-11-28,,1venda - site,nao,midia paga,nenhum e nao sei por onde comecar,
31113,automacao,2023-11-29,2023-11-28,,1venda - site,nao,midia paga,nenhum e nao sei por onde comecar,
31115,automacao,2023-11-29,2023-11-28,,1venda - site,nao,midia paga,"nenhum, mas sei onde obter documentos",
31118,automacao,2023-11-29,2023-11-28,,1venda - site,nao,midia paga,"nenhum, mas sei onde obter documentos",
31120,automacao,2023-11-29,2023-11-28,,1venda - site,nao,midia paga,nenhum e nao sei por onde comecar,
31122,automacao,2023-11-29,2023-11-28,,1venda - site,nao,midia paga,nenhum e nao sei por onde comecar,
31124,automacao,2023-11-29,2023-11-28,,1venda - site,nao,midia paga,nenhum e nao sei por onde comecar,
31200,automacao,2023-11-30,2023-11-29,,1venda - site,nao,midia paga,"nenhum, mas meu parente ja tirou a cidadania",
31201,automacao,2023-11-30,2023-11-29,,1venda - site,nao,midia paga,"nenhum, mas sei onde obter documentos",
31202,automacao,2023-11-30,2023-11-29,,1venda - site,nao,midia paga,nenhum e nao sei por onde comecar,
31203,automacao,2023-11-30,2023-11-29,,1venda - site,nao,midia paga,nenhum e nao sei por onde comecar,
31204,automacao,2023-11-30,2023-11-29,,1venda - site,nao,midia paga,nenhum e nao sei por onde comecar,
31206,automacao,2023-11-30,2023-11-29,,1venda - site,nao,midia paga,nenhum e nao sei por onde comecar,
31209,automacao,2023-11-30,2023-11-29,,1venda - site,nao,midia paga,"nenhum, mas meu parente ja tirou a cidadania",
31212,automacao,2023-11-30,2023-11-29,,1venda - site,nao,midia paga,"nenhum, mas sei onde obter documentos",
31215,automacao,2023-11-30,2023-11-29,,1venda - site,nao,midia paga,nenhum e nao sei por onde comecar,
31216,automacao,2023-11-30,2023-11-29,,1venda - site,nao,midia paga,nenhum e nao sei por onde comecar,
31283,automacao,2023-12-01,2023-11-30,,1venda - site,nao,midia paga,nenhum e nao sei por onde comecar,
31286,automacao,2023-12-01,2023-11-30,,1venda - site,nao,midia paga,nenhum e nao sei por onde comecar,
31289,automacao,2023-12-01,2023-11-30,,1venda - site,nao,midia paga,nenhum e nao sei por onde comecar,
31359,automacao,2023-12-02,2023-12-01,,1venda - site,nao,midia paga,nenhum e nao sei por onde comecar,
31361,automacao,2023-12-02,2023-12-01,,1venda - site,nao,midia paga,"nenhum, mas sei onde obter documentos",
31362,automacao,2023-12-02,2023-12-01,,1venda - site,nao,midia paga,nenhum e nao sei por onde comecar,
31366,automacao,2023-12-02,2023-12-01,,1venda - site,nao,midia paga,nenhum e nao sei por onde comecar,
31369,automacao,2023-12-02,2023-12-01,,1venda - site,nao,midia paga,"nenhum, mas sei onde obter documentos",
31410,automacao,2023-12-03,2023-12-02,,1venda - site,nao,midia paga,"nenhum, mas sei onde obter documentos",
31414,automacao,2023-12-03,2023-12-02,,1venda - site,nao,midia paga,nenhum e nao sei por onde comecar,
31419,automacao,2023-12-03,2023-12-02,,1venda - site,nao,midia paga,nenhum e nao sei por onde comecar,
31489,automacao,2023-12-04,2023-12-03,,1venda - site,nao,midia paga,nenhum e nao sei por onde comecar,
31490,automacao,2023-12-04,2023-12-03,,1venda - site,nao,midia paga,nenhum e nao sei por onde comecar,
31491,automacao,2023-12-04,2023-12-03,,1venda - site,nao,midia paga,nenhum e nao sei por onde comecar,
31499,automacao,2023-12-04,2023-12-03,,1venda - site,nao,midia paga,nenhum e nao sei por onde comecar,
31500,automacao,2023-12-04,2023-12-03,,1venda - site,nao,midia paga,"nenhum, mas meu parente ja tirou a cidadania",
31501,automacao,2023-12-04,2023-12-03,,1venda - site,nao,midia paga,nenhum e nao sei por onde comecar,
31503,automacao,2023-12-04,2023-12-03,,1venda - site,nao,midia paga,"nenhum, mas meu parente ja tirou a cidadania",
31505,automacao,2023-12-04,2023-12-03,,1venda - site,nao,midia paga,"nenhum, mas sei onde obter documentos",
31637,automacao,2023-12-05,2023-12-04,,1venda - site,nao,midia paga,nenhum e nao sei por onde comecar,
31638,automacao,2023-12-05,2023-12-04,,1venda - site,nao,midia paga,"nenhum, mas meu parente ja tirou a cidadania",
31639,automacao,2023-12-05,2023-12-04,,1venda - site,nao,midia paga,nenhum e nao sei por onde comecar,
31640,automacao,2023-12-05,2023-12-04,,1venda - site,nao,midia paga,nenhum e nao sei por onde comecar,
31642,automacao,2023-12-05,2023-12-04,,1venda - site,nao,midia paga,"nenhum, mas sei onde obter documentos",
31643,automacao,2023-12-05,2023-12-04,,1venda - site,nao,midia paga,nenhum e nao sei por onde comecar,
31644,automacao,2023-12-05,2023-12-04,,1venda - site,nao,midia paga,"nenhum, mas sei onde obter documentos",
31645,automacao,2023-12-05,2023-12-04,,1venda - site,nao,midia paga,nenhum e nao sei por onde comecar,
31646,automacao,2023-12-05,2023-12-04,,1venda - site,nao,midia paga,nenhum e nao sei por onde comecar,
31649,automacao,2023-12-05,2023-12-04,,1venda - site,nao,midia paga,nenhum e nao sei por onde comecar,
31650,automacao,2023-12-05,2023-12-04,,1venda - site,nao,midia paga,nenhum e nao sei por onde comecar,
31652,automacao,2023-12-05,2023-12-04,,1venda - site,nao,midia paga,nenhum e nao sei por onde comecar,
31653,automacao,2023-12-05,2023-12-04,,1venda - site,nao,midia paga,nenhum e nao sei por onde comecar,
31654,automacao,2023-12-05,2023-12-04,,1venda - site,nao,,"nenhum, mas sei onde obter documentos",
31655,automacao,2023-12-05,2023-12-04,,1venda - site,nao,midia paga,"nenhum, mas sei onde obter documentos",
31773,automacao,2023-12-06,2023-12-05,,1venda - site,nao,midia paga,nenhum e nao sei por onde comecar,
31774,automacao,2023-12-06,2023-12-05,,1venda - site,nao,midia paga,nenhum e nao sei por onde comecar,
31883,automacao,2023-12-07,2023-12-06,,1venda - site,nao,midia paga,nenhum e nao sei por onde comecar,
31885,automacao,2023-12-07,2023-12-06,,1venda - site,nao,midia paga,nenhum e nao sei por onde comecar,
31888,automacao,2023-12-07,2023-12-06,,1venda - site,nao,midia paga,"nenhum, mas sei onde obter documentos",
31890,automacao,2023-12-07,2023-12-06,,1venda - site,nao,midia paga,nenhum e nao sei por onde comecar,
31893,automacao,2023-12-07,2023-12-06,,1venda - site,nao,midia paga,"nenhum, mas sei onde obter documentos",
31894,automacao,2023-12-07,2023-12-06,,1venda - site,nao,midia paga,nenhum e nao sei por onde comecar,
31896,automacao,2023-12-07,2023-12-06,,1venda - site,nao,midia paga,"nenhum, mas sei onde obter documentos",
31983,automacao,2023-12-08,2023-12-07,,1venda - site,nao,midia paga,nenhum e nao sei por onde comecar,
31987,automacao,2023-12-08,2023-12-07,,1venda - site,nao,parcerias,nenhum e nao sei por onde comecar,
31990,automacao,2023-12-08,2023-12-07,,1venda - site,nao,midia paga,"nenhum, mas sei onde obter documentos",
31993,automacao,2023-12-08,2023-12-07,,1venda - site,nao,midia paga,nenhum e nao sei por onde comecar,
31996,automacao,2023-12-08,2023-12-07,,1venda - site,nao,midia paga,nenhum e nao sei por onde comecar,
32073,automacao,2023-12-09,2023-12-08,,1venda - site,nao,midia paga,nenhum e nao sei por onde comecar,
32078,automacao,2023-12-09,2023-12-08,,1venda - site,nao,midia paga,"nenhum, mas sei onde obter documentos",
32080,automacao,2023-12-09,2023-12-08,,1venda - site,nao,midia paga,"nenhum, mas meu parente ja tirou a cidadania",
32177,automacao,2023-12-10,2023-12-09,,1venda - site,nao,midia paga,nenhum e nao sei por onde comecar,
32178,automacao,2023-12-10,2023-12-09,,1venda - site,nao,midia paga,nenhum e nao sei por onde comecar,
32182,automacao,2023-12-10,2023-12-09,,1venda - site,nao,midia paga,"nenhum, mas sei onde obter documentos",
32184,automacao,2023-12-10,2023-12-09,,1venda - site,nao,midia paga,nenhum e nao sei por onde comecar,
32185,automacao,2023-12-10,2023-12-09,,1venda - site,nao,midia paga,nenhum e nao sei por onde comecar,
32186,automacao,2023-12-10,2023-12-09,,1venda - site,nao,midia paga,"nenhum, mas sei onde obter documentos",
32282,automacao,2023-12-11,2023-12-10,,1venda - site,nao,midia paga,nenhum e nao sei por onde comecar,
32284,automacao,2023-12-11,2023-12-10,,1venda - site,nao,midia paga,nenhum e nao sei por onde comecar,
32287,automacao,2023-12-11,2023-12-10,,1venda - site,nao,midia paga,nenhum e nao sei por onde comecar,
32288,automacao,2023-12-11,2023-12-10,,1venda - site,nao,midia paga,nenhum e nao sei por onde comecar,
32289,automacao,2023-12-11,2023-12-10,,1venda - site,nao,midia paga,nenhum e nao sei por onde comecar,
32292,automacao,2023-12-11,2023-12-10,,1venda - site,nao,midia paga,"nenhum, mas sei onde obter documentos",
32295,automacao,2023-12-11,2023-12-10,,1venda - site,nao,midia paga,nenhum e nao sei por onde comecar,
32298,automacao,2023-12-11,2023-12-10,,1venda - site,nao,midia paga,nenhum e nao sei por onde comecar,
32299,automacao,2023-12-11,2023-12-10,,1venda - site,nao,midia paga,nenhum e nao sei por onde comecar,
32300,automacao,2023-12-11,2023-12-10,,1venda - site,nao,midia paga,nenhum e nao sei por onde comecar,
32304,automacao,2023-12-11,2023-12-10,,1venda - site,nao,midia paga,nenhum e nao sei por onde comecar,
32308,automacao,2023-12-11,2023-12-10,,1venda - site,nao,midia paga,nenhum e nao sei por onde comecar,
32420,automacao,2023-12-12,2023-12-11,,1venda - site,nao,midia paga,nenhum e nao sei por onde comecar,
32425,automacao,2023-12-12,2023-12-11,,1venda - site,nao,midia paga,nenhum e nao sei por onde comecar,
32426,automacao,2023-12-12,2023-12-11,,1venda - site,nao,midia paga,"nenhum, mas meu parente ja tirou a cidadania",
32428,automacao,2023-12-12,2023-12-11,,1venda - site,nao,midia paga,nenhum e nao sei por onde comecar,
32429,automacao,2023-12-12,2023-12-11,,1venda - site,nao,midia paga,"nenhum, mas sei onde obter documentos",
32430,automacao,2023-12-12,2023-12-11,,1venda - site,nao,midia paga,"nenhum, mas sei onde obter documentos",
32547,automacao,2023-12-13,2023-12-12,,1venda - site,nao,midia paga,nenhum e nao sei por onde comecar,
32549,automacao,2023-12-13,2023-12-12,,1venda - site,nao,midia paga,nenhum e nao sei por onde comecar,
32550,automacao,2023-12-13,2023-12-12,,1venda - site,nao,midia paga,nenhum e nao sei por onde comecar,
32552,automacao,2023-12-13,2023-12-12,,1venda - site,nao,midia paga,"nenhum, mas sei onde obter documentos",
32553,automacao,2023-12-13,2023-12-12,,1venda - site,nao,midia paga,nenhum e nao sei por onde comecar,
32554,automacao,2023-12-13,2023-12-12,,1venda - site,nao,midia paga,nenhum e nao sei por onde comecar,
32556,automacao,2023-12-13,2023-12-12,,1venda - site,nao,midia paga,nenhum e nao sei por onde comecar,
32557,automacao,2023-12-13,2023-12-12,,1venda - site,nao,midia paga,nenhum e nao sei por onde comecar,
32561,automacao,2023-12-13,2023-12-12,,1venda - site,nao,midia paga,"nenhum, mas meu parente ja tirou a cidadania",
32693,automacao,2023-12-14,2023-12-13,,1venda - site,nao,midia paga,nenhum e nao sei por onde comecar,
32694,automacao,2023-12-14,2023-12-13,,1venda - site,nao,midia paga,nenhum e nao sei por onde comecar,
32695,automacao,2023-12-14,2023-12-13,,1venda - site,nao,midia paga,nenhum e nao sei por onde comecar,
32698,automacao,2023-12-14,2023-12-13,,1venda - site,nao,midia paga,nenhum e nao sei por onde comecar,
32702,automacao,2023-12-14,2023-12-13,,1venda - site,nao,midia paga,nenhum e nao sei por onde comecar,
32703,automacao,2023-12-14,2023-12-13,,1venda - site,nao,midia paga,"nenhum, mas sei onde obter documentos",
32705,automacao,2023-12-14,2023-12-13,,1venda - site,nao,midia paga,nenhum e nao sei por onde comecar,
32707,automacao,2023-12-14,2023-12-13,,1venda - site,nao,redes sociais,nenhum e nao sei por onde comecar,
32715,automacao,2023-12-14,2023-12-13,,1venda - site,nao,midia paga,"nenhum, mas sei onde obter documentos",
32716,automacao,2023-12-14,2023-12-13,,1venda - site,nao,midia paga,"nenhum, mas sei onde obter documentos",
32718,automacao,2023-12-14,2023-12-13,,1venda - site,nao,midia paga,nenhum e nao sei por onde comecar,
32724,automacao,2023-12-14,2023-12-13,,1venda - site,nao,midia paga,nenhum e nao sei por onde comecar,
32725,automacao,2023-12-14,2023-12-13,,1venda - site,nao,midia organica,nenhum e nao sei por onde comecar,
32812,automacao,2023-12-15,2023-12-14,,1venda - site,nao,midia paga,nenhum e nao sei por onde comecar,
32814,automacao,2023-12-15,2023-12-14,,1venda - site,nao,midia paga,nenhum e nao sei por onde comecar,
32816,automacao,2023-12-15,2023-12-14,,1venda - site,nao,midia paga,"nenhum, mas meu parente ja tirou a cidadania",
32817,automacao,2023-12-15,2023-12-14,,1venda - site,nao,midia paga,nenhum e nao sei por onde comecar,
32818,automacao,2023-12-15,2023-12-14,,1venda - site,nao,midia paga,nenhum e nao sei por onde comecar,
32819,automacao,2023-12-15,2023-12-14,,1venda - site,nao,midia paga,nenhum e nao sei por onde comecar,
32894,automacao,2023-12-16,2023-12-15,,1venda - site,nao,midia paga,nenhum e nao sei por onde comecar,
32896,automacao,2023-12-16,2023-12-15,,1venda - site,nao,,"nenhum, mas sei onde obter documentos",
32897,automacao,2023-12-16,2023-12-15,,1venda - site,nao,midia paga,nenhum e nao sei por onde comecar,
32902,automacao,2023-12-16,2023-12-15,,1venda - site,nao,midia paga,nenhum e nao sei por onde comecar,
32903,automacao,2023-12-16,2023-12-15,,1venda - site,nao,midia paga,nenhum e nao sei por onde comecar,
32905,automacao,2023-12-16,2023-12-15,,1venda - site,nao,midia paga,"nenhum, mas sei onde obter documentos",
32906,automacao,2023-12-16,2023-12-15,,1venda - site,nao,midia paga,nenhum e nao sei por onde comecar,
32909,automacao,2023-12-16,2023-12-15,,1venda - site,nao,midia paga,nenhum e nao sei por onde comecar,
32970,automacao,2023-12-17,2023-12-16,,1venda - site,nao,midia paga,nenhum e nao sei por onde comecar,
32978,automacao,2023-12-17,2023-12-16,,1venda - site,nao,midia paga,nenhum e nao sei por onde comecar,
32982,automacao,2023-12-17,2023-12-16,,1venda - site,nao,midia paga,nenhum e nao sei por onde comecar,
33065,automacao,2023-12-18,2023-12-17,,1venda - site,nao,midia paga,nenhum e nao sei por onde comecar,
33066,automacao,2023-12-18,2023-12-17,,1venda - site,nao,midia paga,"nenhum, mas meu parente ja tirou a cidadania",
33067,automacao,2023-12-18,2023-12-17,,1venda - site,nao,midia paga,nenhum e nao sei por onde comecar,
33070,automacao,2023-12-18,2023-12-17,,1venda - site,nao,midia paga,nenhum e nao sei por onde comecar,
33071,automacao,2023-12-18,2023-12-17,,1venda - site,nao,midia paga,nenhum e nao sei por onde comecar,
33072,automacao,2023-12-18,2023-12-17,,1venda - site,nao,midia paga,"nenhum, mas sei onde obter documentos",
33073,automacao,2023-12-18,2023-12-17,,1venda - site,nao,midia paga,nenhum e nao sei por onde comecar,
33076,automacao,2023-12-18,2023-12-17,,1venda - site,nao,midia paga,"nenhum, mas sei onde obter documentos",
33078,automacao,2023-12-18,2023-12-17,,1venda - site,nao,midia paga,nenhum e nao sei por onde comecar,
33079,automacao,2023-12-18,2023-12-17,,1venda - site,nao,midia organica,nenhum e nao sei por onde comecar,
33080,automacao,2023-12-18,2023-12-17,,1venda - site,nao,midia paga,nenhum e nao sei por onde comecar,
33081,automacao,2023-12-18,2023-12-17,,1venda - site,nao,midia paga,nenhum e nao sei por onde comecar,
33090,automacao,2023-12-18,2023-12-17,,1venda - site,nao,midia paga,nenhum e nao sei por onde comecar,
33092,automacao,2023-12-18,2023-12-17,,1venda - site,nao,midia paga,nenhum e nao sei por onde comecar,
33188,automacao,2023-12-19,2023-12-18,,1venda - site,nao,midia paga,"nenhum, mas sei onde obter documentos",
33189,automacao,2023-12-19,2023-12-18,,1venda - site,nao,midia paga,"nenhum, mas sei onde obter documentos",
33190,automacao,2023-12-19,2023-12-18,,1venda - site,nao,midia paga,nenhum e nao sei por onde comecar,
33191,automacao,2023-12-19,2023-12-18,,1venda - site,nao,midia paga,nenhum e nao sei por onde comecar,
33192,automacao,2023-12-19,2023-12-18,,1venda - site,nao,midia paga,"nenhum, mas sei onde obter documentos",
33193,automacao,2023-12-19,2023-12-18,,1venda - site,nao,midia paga,nenhum e nao sei por onde comecar,
33195,automacao,2023-12-19,2023-12-18,,1venda - site,nao,midia paga,nenhum e nao sei por onde comecar,
33196,automacao,2023-12-19,2023-12-18,,1venda - site,nao,midia paga,"nenhum, mas sei onde obter documentos",
33198,automacao,2023-12-19,2023-12-18,,1venda - site,sim,midia paga,"nenhum, mas meu parente ja tirou a cidadania",
33306,automacao,2023-12-20,2023-12-19,,1venda - site,nao,midia paga,"nenhum, mas meu parente ja tirou a cidadania",
33307,automacao,2023-12-20,2023-12-19,,1venda - site,nao,midia paga,nenhum e nao sei por onde comecar,
33310,automacao,2023-12-20,2023-12-19,,1venda - site,nao,midia paga,"nenhum, mas meu parente ja tirou a cidadania",
33311,automacao,2023-12-20,2023-12-19,,1venda - site,nao,midia paga,nenhum e nao sei por onde comecar,
33316,automacao,2023-12-20,2023-12-19,,1venda - site,nao,midia paga,nenhum e nao sei por onde comecar,
33317,automacao,2023-12-20,2023-12-19,,1venda - site,nao,midia paga,"nenhum, mas sei onde obter documentos",
33389,automacao,2023-12-21,2023-12-20,,1venda - site,nao,midia paga,nenhum e nao sei por onde comecar,
33391,automacao,2023-12-21,2023-12-20,,1venda - site,nao,midia paga,nenhum e nao sei por onde comecar,
33393,automacao,2023-12-21,2023-12-20,,1venda - site,nao,midia paga,nenhum e nao sei por onde comecar,
33395,automacao,2023-12-21,2023-12-20,,1venda - site,nao,midia paga,nenhum e nao sei por onde comecar,
33397,automacao,2023-12-21,2023-12-20,,1venda - site,nao,midia paga,nenhum e nao sei por onde comecar,
33399,automacao,2023-12-21,2023-12-20,,1venda - site,nao,midia paga,nenhum e nao sei por onde comecar,
33400,automacao,2023-12-21,2023-12-20,,1venda - site,nao,midia paga,nenhum e nao sei por onde comecar,
33401,automacao,2023-12-21,2023-12-20,,1venda - site,nao,midia paga,"nenhum, mas sei onde obter documentos",
33468,automacao,2023-12-22,2023-12-21,,1venda - site,nao,midia paga,nenhum e nao sei por onde comecar,
33469,automacao,2023-12-22,2023-12-21,,1venda - site,nao,midia paga,"nenhum, mas meu parente ja tirou a cidadania",
33470,automacao,2023-12-22,2023-12-21,,1venda - site,nao,midia paga,nenhum e nao sei por onde comecar,
33475,automacao,2023-12-22,2023-12-21,,1venda - site,nao,midia paga,"nenhum, mas meu parente ja tirou a cidadania",
33540,automacao,2023-12-23,2023-12-22,,1venda - site,nao,midia paga,nenhum e nao sei por onde comecar,
33543,automacao,2023-12-23,2023-12-22,,1venda - site,nao,,"nenhum, mas meu parente ja tirou a cidadania",
33544,automacao,2023-12-23,2023-12-22,,1venda - site,nao,midia paga,nenhum e nao sei por onde comecar,
33546,automacao,2023-12-23,2023-12-22,,1venda - site,nao,midia paga,nenhum e nao sei por onde comecar,
33547,automacao,2023-12-23,2023-12-22,,1venda - site,nao,midia paga,nenhum e nao sei por onde comecar,
33604,automacao,2023-12-24,2023-12-23,,1venda - site,nao,midia paga,nenhum e nao sei por onde comecar,
33605,automacao,2023-12-24,2023-12-23,,1venda - site,nao,midia paga,nenhum e nao sei por onde comecar,
33611,automacao,2023-12-24,2023-12-23,,1venda - site,nao,midia paga,nenhum e nao sei por onde comecar,
33663,automacao,2023-12-25,2023-12-24,,1venda - site,nao,midia paga,"nenhum, mas meu parente ja tirou a cidadania",
33665,automacao,2023-12-25,2023-12-24,,1venda - site,nao,midia paga,nenhum e nao sei por onde comecar,
33666,automacao,2023-12-25,2023-12-24,,1venda - site,nao,midia paga,nenhum e nao sei por onde comecar,
33667,automacao,2023-12-25,2023-12-24,,1venda - site,nao,midia paga,nenhum e nao sei por onde comecar,
33668,automacao,2023-12-25,2023-12-24,,1venda - site,nao,midia paga,"nenhum, mas sei onde obter documentos",
33669,automacao,2023-12-25,2023-12-24,,1venda - site,nao,midia paga,nenhum e nao sei por onde comecar,
33671,automacao,2023-12-25,2023-12-24,,1venda - site,nao,midia paga,"nenhum, mas sei onde obter documentos",
33672,automacao,2023-12-25,2023-12-24,,1venda - site,nao,midia paga,nenhum e nao sei por onde comecar,
33728,automacao,2023-12-26,2023-12-25,,1venda - site,nao,midia paga,"nenhum, mas sei onde obter documentos",
33730,automacao,2023-12-26,2023-12-25,,1venda - site,nao,midia paga,nenhum e nao sei por onde comecar,
33734,automacao,2023-12-26,2023-12-25,,1venda - site,nao,midia paga,nenhum e nao sei por onde comecar,
33736,automacao,2023-12-26,2023-12-25,,1venda - site,nao,midia paga,"nenhum, mas sei onde obter documentos",
33738,automacao,2023-12-26,2023-12-25,,1venda - site,nao,midia paga,nenhum e nao sei por onde comecar,
33741,automacao,2023-12-26,2023-12-25,,1venda - site,nao,midia paga,"nenhum, mas meu parente ja tirou a cidadania",
33744,automacao,2023-12-26,2023-12-25,,1venda - site,nao,redes sociais,nenhum e nao sei por onde comecar,
33746,automacao,2023-12-26,2023-12-25,,1venda - site,nao,midia paga,nenhum e nao sei por onde comecar,
33748,automacao,2023-12-26,2023-12-25,,1venda - site,nao,midia paga,nenhum e nao sei por onde comecar,
33860,automacao,2023-12-27,2023-12-26,,1venda - site,nao,midia paga,"nenhum, mas meu parente ja tirou a cidadania",
33861,automacao,2023-12-27,2023-12-26,,1venda - site,nao,,nenhum e nao sei por onde comecar,
33865,automacao,2023-12-27,2023-12-26,,1venda - site,nao,midia paga,nenhum e nao sei por onde comecar,
33869,automacao,2023-12-27,2023-12-26,,1venda - site,nao,midia paga,nenhum e nao sei por onde comecar,
33874,automacao,2023-12-27,2023-12-26,,1venda - site,nao,midia paga,nenhum e nao sei por onde comecar,
33876,automacao,2023-12-27,2023-12-26,,1venda - site,nao,midia paga,"nenhum, mas sei onde obter documentos",
33878,automacao,2023-12-27,2023-12-26,,1venda - site,nao,midia paga,"nenhum, mas sei onde obter documentos",
33880,automacao,2023-12-27,2023-12-26,,1venda - site,nao,midia paga,nenhum e nao sei por onde comecar,
33881,automacao,2023-12-27,2023-12-26,,1venda - site,nao,midia paga,nenhum e nao sei por onde comecar,
33882,automacao,2023-12-27,2023-12-26,,1venda - site,nao,midia paga,"nenhum, mas meu parente ja tirou a cidadania",
34014,automacao,2023-12-28,2023-12-27,,1venda - site,nao,midia paga,nenhum e nao sei por onde comecar,
34015,automacao,2023-12-28,2023-12-27,,1venda - site,nao,,nenhum e nao sei por onde comecar,
34016,automacao,2023-12-28,2023-12-27,,1venda - site,nao,midia paga,nenhum e nao sei por onde comecar,
34018,automacao,2023-12-28,2023-12-27,,1venda - site,nao,midia paga,nenhum e nao sei por onde comecar,
34019,automacao,2023-12-28,2023-12-27,,1venda - site,nao,midia paga,nenhum e nao sei por onde comecar,
34022,automacao,2023-12-28,2023-12-27,,1venda - site,nao,midia paga,nenhum e nao sei por onde comecar,
34026,automacao,2023-12-28,2023-12-27,,1venda - site,nao,midia paga,"nenhum, mas sei onde obter documentos",
34031,automacao,2023-12-28,2023-12-27,,1venda - site,nao,midia paga,nenhum e nao sei por onde comecar,
34032,automacao,2023-12-28,2023-12-27,,1venda - site,nao,midia paga,nenhum e nao sei por onde comecar,
34033,automacao,2023-12-28,2023-12-27,,1venda - site,nao,redes sociais,"nenhum, mas sei onde obter documentos",
